Masa, Salsa, Queso, Ingrediente 1, Ingrediente 2, Ingrediente 3, Coccion, , Menaje, Extra
Masa Fina,Salsa Pesto,Queso Mozarella,Aceitunas,Jamon,Cebolla,Horno,Caja de carton,Cerveza,Pepperoni
Masa Fina,Salsa Pesto,Queso Mozarella,Champiï¿½ones,Ninguno,Ninguno,Horno,Caja de carton,Cerveza,Jamon
Masa Siciliana,Salsa Picante,Queso Cheddar,Cebolla,Jamon,Pepperoni,Horno,Gourmet,Vino,Ninguno
Masa Fina,Salsa De ajo,Queso Provolone,Pepperoni,Cebolla,Pepperoni,Horno,Caja de carton,Cerveza,Pepperoni
Masa Fina,Salsa Pesto,Queso Mozarella,Pepperoni,Pepperoni,Pepperoni,Horno,Caja de carton,Cerveza,Pepperoni
Masa Siciliana,Salsa De ajo,Queso Sin queso,Ninguno,Champiñones,Pepperoni,Frito,Caja de carton,Cerveza,Ninguno
Masa Fina,Salsa Pesto,Queso Mozarella,Pepperoni,Jamon,Pepperoni,Horno,Caja de carton,Cerveza,Pepperoni
Masa Fina,Salsa Pesto,Queso Mozarella,Pepperoni,Cebolla,Jamon,Horno,Caja de carton,Cerveza,Pepperoni
Masa Fina,Salsa Pesto,Queso Mozarella,Pepperoni,Pepperoni,Pepperoni,Horno,Caja de carton,Cerveza,Pepperoni
Masa Rellena,Salsa de queso,Queso Provolone,Jamon,Cebolla,Pepperoni,Cocido,Gourmet,Ninguno,Ninguno
Masa Fina,Salsa Pesto,Queso Mozarella,Pepperoni,Pepperoni,Pepperoni,Horno,Caja de carton,Cerveza,Pepperoni
Masa Fina,Salsa Pesto,Queso Mozarella,Pepperoni,Cebolla,Pepperoni,Horno,Caja de carton,Cerveza,Pepperoni
